Name,ID,Nearest Town,County
Abita,16018400,Grand Marais,Cook
Ada,16051500,Tofte,Cook
Agnes,16035900,Lutsen,Cook
Alder,16011400,Grand Marais,Cook
Allen,16032000,Grand Marais,Cook
Alpha,16031100,Maple Hill,Cook
Alpine,16075900,Grand Marais,Cook
Alton,16062200,Tofte,Cook
Ambush,16061800,Tofte,Cook
Anderson,16046900,Lutsen,Cook
Anderson,16047000,Tofte,Cook
Aspen,16020400,Grand Marais,Cook
Assinika,16008800,Grand Marais,Cook
Axe,16040700,Lutsen,Cook
Babble,16025700,Lutsen,Cook
Baker,16048600,Lutsen,Cook
Ball Club,16018200,Grand Marais,Cook
Banadad,16035000,Maple Hill,Cook
Barker,16035800,Lutsen,Cook
Barto,16070100,Forest Center,Cook
Bat,16075200,Grand Marais,Cook
Bath,16016400,Grand Marais,Cook
Bean,16007200,Maple Hill,Cook
Bear Club,16020500,Grand Marais,Cook
Bearskin,16022800,Grand Marais,Cook
Beaver,16006700,Maple Hill,Cook
Bedew,16030000,Maple Hill,Cook
Bench,16006300,Grand Marais,Cook
Benson,16005200,Grand Marais,Cook
Beta,16031200,Maple Hill,Cook
Beth,16065900,Tofte,Cook
Big Snow,16064700,Sawbill Landing,Cook
Bigsby,16034400,Lutsen,Cook
Binagami,16009800,Grand Marais,Cook
Bingshick,16062700,Grand Marais,Cook
Birch,16024700,Grand Marais,Cook
Blue Snow,16053200,Prairie Portage,Cook
Blueberry,16015100,Grand Marais,Cook
Bogenho,16022802,,Cook
Bogus,16005000,Grand Marais,Cook
Bouder,16038300,Grand Marais,Cook
Bow,16021100,Maple Hill,Cook
Bower Trout,16017500,Maple Hill,Cook
Boys,16004400,Grand Marais,Cook
Bradley,16046500,Lutsen,Cook
Brandt,16060000,Prairie Portage,Cook
Brule,16034800,Grand Marais,Cook
Bulge,16036400,Lutsen,Cook
Bull,16027000,Lutsen,Cook
Burnt,16047700,Lutsen,Cook
Calf,16027400,Maple Hill,Cook
Cam,16039700,Lutsen,Cook
Canoe,16011200,Grand Marais,Cook
Caribou,16014100,Grand Marais,Cook
Caribou,16024000,Grand Marais,Cook
Caribou,16036000,Lutsen,Cook
Carl,16022100,Maple Hill,Cook
Carrot,16007100,Grand Marais,Cook
Cascade,16034600,Lutsen,Cook
Cash,16043800,Lutsen,Cook
Cave,16042500,Maple Hill,Cook
Cedar,16064400,Tofte,Cook
Celery,16007400,Maple Hill,Cook
Chaser,16067500,Forest Center,Cook
Cherokee,16052400,Tofte,Cook
Chester,16003300,Hovland,Cook
Christine,16037300,Lutsen,Cook
Chub,16059400,Prairie Portage,Cook
Circle,16011000,Maple Hill,Cook
Clam,16051800,Lutsen,Cook
Clara,16036500,Lutsen,Cook
Clearwater,16013900,Grand Marais,Cook
Cliff,16044600,Maple Hill,Cook
Clove,16058100,Prairie Portage,Cook
Copper,16053800,Forest Center,Cook
Cow,16027100,Maple Hill,Cook
Crab,16035700,Grand Marais,Cook
Crag,16062500,Prairie Portage,Cook
Crescent,16045400,Grand Marais,Cook
Crocodile,16011900,Grand Marais,Cook
Crooked,16072300,Grand Marais,Cook
Cross Bay,16052600,Lutsen,Cook
Crow,16028700,Grand Marais,Cook
Crystal,16009000,Maple Hill,Cook
Cucumber,16013000,Grand Marais,Cook
Daniels,16015000,Grand Marais,Cook
Davis,16043500,Lutsen,Cook
Dawkins,16045900,Maple Hill,Cook
Deer,16013600,Grand Marais,Cook
Deer Yard,16025300,Lutsen,Cook
Dent,16067700,Forest Center,Cook
Devil Track,16014300,Grand Marais,Cook
Devilfish,16002900,Hovland,Cook
Devils Elbow,16061600,Grand Marais,Cook
Dick,16015700,Grand Marais,Cook
Digit,16015200,Grand Marais,Cook
Dislocation,16016700,Grand Marais,Cook
Doe,16054800,Lutsen,Cook
Dogtrot,16036300,Lutsen,Cook
Dollar,16066600,Sawbill Landing,Cook
Dot,16020700,Maple Hill,Cook
Duck,16068700,Forest Center,Cook
Dugout,16017700,Maple Hill,Cook
Duke,16011100,Maple Hill,Cook
Duncan,16023200,Grand Marais,Cook
Dunn,16024500,Grand Marais,Cook
Dutchman,16000200,Grand Portage,Cook
Dyers,16063400,Schroeder,Cook
Eagle,16028800,Maple Hill,Cook
East Bearskin,16014600,Grand Marais,Cook
East Dawkins,16041800,Maple Hill,Cook
East Fox,16063600,Tofte,Cook
East Kerfoot,16058600,Prairie Portage,Cook
East Otter,16024600,Maple Hill,Cook
East Otto,16031700,Maple Hill,Cook
East Pike,16004200,Hovland,Cook
East Pipe,16038600,Lutsen,Cook
East Pope,16034200,Grand Marais,Cook
East Twin,16014500,Grand Marais,Cook
Echo,16026600,Maple Hill,Cook
Ecstasy,16072200,Tofte,Cook
Edith,16007800,Hovland,Cook
Edith,16060400,Prairie Portage,Cook
Eggers,16014400,Maple Hill,Cook
Elbow,16009600,Grand Marais,Cook
Elbow,16080500,Sawbill Landing,Cook
Elbow (Main Basin),16080501,,Cook
Ella,16065800,Forest Center,Cook
Elm,16072100,Tofte,Cook
Esther,16002300,Hovland,Cook
Everett,16059900,Prairie Portage,Cook
Extortion,16045000,Grand Marais,Cook
Fan,16008400,Hovland,Cook
Fault,16004000,Hovland,Cook
Fay,16078300,Grand Marais,Cook
Feather,16090500,Tofte,Cook
Fente,16074100,Forest Center,Cook
Fern,16071600,Prairie Portage,Cook
Finger,16064600,Tofte,Cook
Finn,16035100,Maple Hill,Cook
Flag,16021200,Maple Hill,Cook
Flame,16049400,Lutsen,Cook
Fleck,16038500,Lutsen,Cook
Flour,16014700,Grand Marais,Cook
Flying,16060200,Prairie Portage,Cook
Four Mile,16063900,Tofte,Cook
Fox,16063700,Tofte,Cook
Frear,16080600,Sawbill Landing,Cook
Frederick,16069200,Forest Center,Cook
French,16075500,Grand Marais,Cook
Frost,16057100,Tofte,Cook
Gabimichigami,16081100,Tofte,Cook
Gadwell,16006000,Grand Marais,Cook
Gaiter,16060300,Prairie Portage,Cook
Gasket,16090900,,Cook
Gaskin,16031900,Maple Hill,Cook
Gillis,16075300,Grand Marais,Cook
Glee,16078200,Prairie Portage,Cook
Glenn,16020900,Maple Hill,Cook
Globe,16017200,Maple Hill,Cook
Glossy Squat,16078100,Prairie Portage,Cook
Gneiss,16061700,Grand Marais,Cook
Gogebic,16008700,Grand Marais,Cook
Gordon,16056900,Grand Marais,Cook
Grace,16065700,Forest Center,Cook
Grade,16090700,Grand Marais,Cook
Grandpa,16079800,Schroeder,Cook
Granite,16058000,Prairie Portage,Cook
Granite Bay,16090000,Prairie Portage,Cook
Green,16062800,Tofte,Cook
Greenwood,16007700,Grand Marais,Cook
Gulf,16063100,Prairie Portage,Cook
Gull,16063200,Grand Marais,Cook
Gull (Main Basin),16063201,,Cook
Gump,16080300,Prairie Portage,Cook
Gunflint,16035600,Grand Marais,Cook
Gust,16038000,Grand Marais,Cook
Ham,16060800,Grand Marais,Cook
Hand,16023800,Grand Marais,Cook
Handle,16052200,Lutsen,Cook
Helen,16021900,Maple Hill,Cook
Henson,16031400,Grand Marais,Cook
Highlander,16003000,Hovland,Cook
Hilly,16037700,Lutsen,Cook
Hoat,16033400,Maple Hill,Cook
Hog,16065300,Tofte,Cook
Holly,16036600,Lutsen,Cook
Homer,16040600,Lutsen,Cook
Honker,16060100,Prairie Portage,Cook
Horseshoe,16024100,Maple Hill,Cook
Howard,16078900,Tofte,Cook
Howl,16053500,Forest Center,Cook
Hub,16074800,Schroeder,Cook
Hubbub,16053700,Forest Center,Cook
Hug,16067400,Forest Center,Cook
Hungry Jack,16022700,Grand Marais,Cook
Iowa,16046700,Lutsen,Cook
Iron,16032800,Grand Marais,Cook
Ivory,16011600,Maple Hill,Cook
Jack,16052100,Lutsen,Cook
Jackal,16022200,Maple Hill,Cook
Jackson,16001200,Hovland,Cook
Jasper,16076800,Grand Marais,Cook
Java,16051600,Lutsen,Cook
Jerry,16072500,Prairie Portage,Cook
Jim,16013500,Grand Marais,Cook
Jimmy,16076300,Grand Marais,Cook
Jock Mock,16038100,Lutsen,Cook
John,16003500,Hovland,Cook
Jump,16091000,,Cook
Junco,16015900,Maple Hill,Cook
Juno,16040200,Lutsen,Cook
Karl,16046100,Grand Marais,Cook
Kelly,16047600,Tofte,Cook
Kelso,16070600,Forest Center,Cook
Kemo,16018800,Grand Marais,Cook
Kimball,16004500,Grand Marais,Cook
Kindle,16008100,Grand Marais,Cook
Kingfisher,16081200,Prairie Portage,Cook
Kinogami,16037800,Lutsen,Cook
Kiowa,16006600,Maple Hill,Cook
Kiskadinna,16042800,Grand Marais,Cook
Knight,16080700,Tofte,Cook
Kraut,16012300,Grand Marais,Cook
Kroft,16016800,Maple Hill,Cook
Lac,16023600,Maple Hill,Cook
Lace,16020100,Maple Hill,Cook
Lantern,16019500,Maple Hill,Cook
Larch,16058200,Grand Marais,Cook
Larry,16080100,Prairie Portage,Cook
Leo,16019800,Grand Marais,Cook
Lichen,16038200,Lutsen,Cook
Lily,16040000,Maple Hill,Cook
Lima,16022600,Grand Marais,Cook
Little Caribou,16014200,Grand Marais,Cook
Little Cascade,16034700,Lutsen,Cook
Little Gunflint,16033000,Maple Hill,Cook
Little Iron,16035500,Grand Marais,Cook
Little Jim,16013400,Maple Hill,Cook
Little John,16002600,Hovland,Cook
Little Mayhew,16033900,Grand Marais,Cook
Little North,16032900,Maple Hill,Cook
Little Rush,16030100,Maple Hill,Cook
Little Saganaga,16080900,Tofte,Cook
Little Snow,16065100,Tofte,Cook
Little Trout,16017000,Grand Marais,Cook
Lizz,16019900,Grand Marais,Cook
Locket,16014900,Maple Hill,Cook
Loft,16003100,Hovland,Cook
Logger,16010300,Maple Hill,Cook
Lone,16079500,Prairie Portage,Cook
Long,16003800,Hovland,Cook
Long Island,16046000,Grand Marais,Cook
Loon,16044800,Grand Marais,Cook
Lost,16002200,Hovland,Cook
Lower Cone,16039300,Maple Hill,Cook
Lower George,16054600,Maple Hill,Cook
Lujenida,16070500,Forest Center,Cook
Lum,16030300,Maple Hill,Cook
Lux,16022300,Maple Hill,Cook
Magnetic,16046300,Maple Hill,Cook
Manymoon,16047300,Lutsen,Cook
Marabaeuf,16061000,Grand Marais,Cook
Margaret,16089600,Hovland,Cook
Mark,16025000,Grand Marais,Cook
Marsh,16004800,Covill,Cook
Marsh,16048800,Tofte,Cook
Marshall,16017600,Maple Hill,Cook
Mash,16034000,Maple Hill,Cook
Mavis,16052800,Grand Marais,Cook
Mayhew,16033700,Grand Marais,Cook
McDonald,16023500,Grand Marais,Cook
McFarland,16002700,Hovland,Cook
Meditation,16058300,Tofte,Cook
Meeds,16030700,Grand Marais,Cook
Merganser,16010700,Maple Hill,Cook
Mesaba,16067300,Tofte,Cook
Mid Cone,16039100,Lutsen,Cook
Midget,16048400,Lutsen,Cook
Mine,16059700,Grand Marais,Cook
Mink,16004600,Grand Marais,Cook
Misplaced,16030200,Maple Hill,Cook
Misquah,16022500,Grand Marais,Cook
Missing Link,16052900,Grand Marais,Cook
Missouri,16047400,Lutsen,Cook
Mistletoe,16036800,Lutsen,Cook
Mit,16019300,Grand Marais,Cook
Monker,16009400,Grand Marais,Cook
Moon,16011700,Grand Marais,Cook
Moore,16048900,Lutsen,Cook
Moose,16004300,Hovland,Cook
Moosehorn,16001500,Hovland,Cook
Mora,16073200,Tofte,Cook
Morgan,16022000,Maple Hill,Cook
Morris,16060900,Grand Marais,Cook
Moses,16018900,Maple Hill,Cook
Moss,16023400,Grand Marais,Cook
Mountain,16009300,Grand Marais,Cook
Mucker,16088600,Maple Hill,Cook
Muckwa,16010500,Grand Marais,Cook
Mulligan,16038900,Lutsen,Cook
Muma,16010600,Maple Hill,Cook
Mush,16010900,Maple Hill,Cook
Muskeg,16042700,Maple Hill,Cook
Musquash,16010400,Grand Marais,Cook
Night Hawk,16021400,Maple Hill,Cook
North,16033100,Grand Marais,Cook
North Branch,16028900,Maple Hill,Cook
North Fowl,16003600,Hovland,Cook
North Kerfoot,16058500,Prairie Portage,Cook
North Shady,16007600,Grand Marais,Cook
North Temperance,16045600,Lutsen,Cook
North Wigwam,16080400,Sawbill Landing,Cook
Northern Light,16008900,Grand Marais,Cook
Oberg,16046600,Tofte,Cook
Olga,16002400,Hovland,Cook
Olson,16015800,Grand Marais,Cook
Omega,16035300,Maple Hill,Cook
Onagon,16061900,Prairie Portage,Cook
One Island,16029800,Maple Hill,Cook
Onion,16013100,Maple Hill,Cook
Osprey,16019000,Maple Hill,Cook
Otter,16003200,Hovland,Cook
Owl,16072600,Tofte,Cook
Paddle,16011300,Maple Hill,Cook
Pagoda,16049300,Lutsen,Cook
Paine,16005700,Covill,Cook
Pancake,16064100,Tofte,Cook
Pancore,16047500,Tofte,Cook
Parsnip,16012000,Maple Hill,Cook
Partridge,16023300,Grand Marais,Cook
Paulson,16062600,Grand Marais,Cook
Peanut,16013300,Grand Marais,Cook
Pemmican,16008500,Grand Marais,Cook
Pendant,16016300,Maple Hill,Cook
Peter,16075700,Tofte,Cook
Peterson,16047800,Tofte,Cook
Phalanx,16035200,Maple Hill,Cook
Phoebe,16080800,Forest Center,Cook
Pickerel,16009700,Grand Marais,Cook
Pie,16069300,Forest Center,Cook
Pierz,16009100,Grand Marais,Cook
Pike,16025200,Grand Marais,Cook
Pillsbery,16031800,Maple Hill,Cook
Pine,16004100,Hovland,Cook
Pine,16019400,Grand Marais,Cook
Pine Mountain,16010800,Grand Marais,Cook
Pipe,16037500,Lutsen,Cook
Pit,16015500,Grand Marais,Cook
Pocket,16016200,Maple Hill,Cook
Poet,16066000,Forest Center,Cook
Poplar,16023900,Grand Marais,Cook
Portage,16032700,Grand Marais,Cook
Potato,16007500,Maple Hill,Cook
Powell,16075600,Tofte,Cook
Powers,16001800,Hovland,Cook
Prayer,16061500,Prairie Portage,Cook
Prout,16001300,Red Rock,Cook
Prune,16030800,Grand Marais,Cook
Puddle,16005400,Covill,Cook
Quiver,16021000,Grand Marais,Cook
Ram,16017400,Grand Marais,Cook
Rat,16022900,Maple Hill,Cook
Rattle,16072000,Grand Marais,Cook
Ray,16076900,Schroeder,Cook
Red Rock,16079300,Tofte,Cook
Redcoat,16005800,Covill,Cook
Retreat,16065200,Sawbill Landing,Cook
Reward,16061200,Prairie Portage,Cook
Rib,16054400,Maple Hill,Cook
Rice,16045300,Lutsen,Cook
Richey,16064300,Tofte,Cook
Road,16020000,Grand Marais,Cook
Rock,16053400,Prairie Portage,Cook
Rocky,16011500,Maple Hill,Cook
Rog,16076500,Tofte,Cook
Romance,16063000,Prairie Portage,Cook
Ron,16060500,Prairie Portage,Cook
Rose,16023000,Maple Hill,Cook
Ross,16042400,Maple Hill,Cook
Round,16060600,Grand Marais,Cook
Rove,16013700,Maple Hill,Cook
Roy,16079700,Prairie Portage,Cook
Royal,16002500,Hovland,Cook
Ruby,16011800,Maple Hill,Cook
Rudy,16014800,Maple Hill,Cook
Rum,16016900,Maple Hill,Cook
Rush,16029900,Maple Hill,Cook
Saganaga,16063300,Grand Marais,Cook
Saganaga (Area 1),16063301,,Cook
Saganaga (Area 3),16063303,,Cook
Saganaga (Area 5),16063305,,Cook
Saganaga (Area 6),16063306,,Cook
Saganaga (Area 7),16063307,,Cook
Saganaga (Area 8),16063308,,Cook
Saganaga (Areas 2 and 4),16063302,,Cook
Sawbill,16049600,Tofte,Cook
Scabbard,16004700,Covill,Cook
Sea Gull,16062900,Grand Marais,Cook
Seahorse,16078600,Prairie Portage,Cook
Sebeka,16042300,Maple Hill,Cook
Section Ten,16005500,Covill,Cook
Shadow,16061100,Prairie Portage,Cook
Shoe,16008000,Grand Marais,Cook
Shoko,16020800,Grand Marais,Cook
Shrike,16025800,Maple Hill,Cook
Silver,16045200,Lutsen,Cook
Sitka,16051300,Lutsen,Cook
Skidway,16017800,Maple Hill,Cook
Skipper,16030400,Maple Hill,Cook
Skoop,16051400,Lutsen,Cook
Slip,16036200,Lutsen,Cook
Slough,16017100,Maple Hill,Cook
Smoke,16049500,Lutsen,Cook
Snipe,16052700,Lutsen,Cook
Sober,16049100,Lutsen,Cook
Sock,16033500,Grand Marais,Cook
South,16024400,Maple Hill,Cook
South Bean,16007300,Maple Hill,Cook
South Fowl,16003400,Hovland,Cook
South Otto,16032300,Maple Hill,Cook
South Temperance,16045700,Lutsen,Cook
Spark,16008200,Maple Hill,Cook
Spaulding,16006200,Grand Marais,Cook
Speckled Trout,16000500,Red Rock,Cook
Spen,16019700,Maple Hill,Cook
Squash,16009200,Maple Hill,Cook
Squint,16020200,Grand Marais,Cook
Squire,16040800,Lutsen,Cook
Star,16040500,Lutsen,Cook
State,16029300,Maple Hill,Cook
Stem,16045500,Lutsen,Cook
Stevens,16001400,Hovland,Cook
Stony,16089800,Grand Marais,Cook
Strobus,16037000,Lutsen,Cook
Stump,16003900,Hovland,Cook
Sunfish,16007900,Grand Marais,Cook
Sunhigh,16066300,Forest Center,Cook
Superior,16000100,Grand Marais,Cook
Surber,16034300,Grand Marais,Cook
Swamp,16021500,Grand Marais,Cook
Swamp,16025600,Maple Hill,Cook
Swamp River Reservoir,16090100,Hovland,Cook
Swamper,16012800,Grand Marais,Cook
Swan,16026800,Grand Marais,Cook
Table,16006400,Maple Hill,Cook
Tail,16065500,Tofte,Cook
Tait,16038400,Lutsen,Cook
Talus,16018700,Grand Marais,Cook
Tarry,16073100,Prairie Portage,Cook
Temperance River,16049200,Lutsen,Cook
Tenor,16061300,Prairie Portage,Cook
Tepee,16062100,Prairie Portage,Cook
Thompson,16016000,Grand Marais,Cook
Thrasher,16019200,Grand Marais,Cook
Thrush,16019100,Grand Marais,Cook
Timber,16065400,Sawbill Landing,Cook
Tobacco,16037600,Lutsen,Cook
Tom,16001900,Hovland,Cook
Tomash,16034500,Lutsen,Cook
Tomato,16007000,Grand Marais,Cook
Toohey,16064500,Schroeder,Cook
Topper,16033600,Grand Marais,Cook
Tote,16026900,Maple Hill,Cook
Town,16045800,Lutsen,Cook
Track,16015400,Maple Hill,Cook
Trap,16012700,Maple Hill,Cook
Trip,16045100,Lutsen,Cook
Trout,16004900,Grand Marais,Cook
Tucker,16041700,Grand Marais,Cook
Turnip,16013200,Grand Marais,Cook
Turtle,16025100,Lutsen,Cook
Tuscarora,16062300,Grand Marais,Cook
Twelve,16010200,Maple Hill,Cook
Two Island,16015600,Grand Marais,Cook
Unload,16057000,Lutsen,Cook
Unnamed,16000400,Red Rock,Cook
Unnamed,16001100,Red Rock,Cook
Unnamed,16001600,Hovland,Cook
Unnamed,16002000,Hovland,Cook
Unnamed,16009500,Maple Hill,Cook
Unnamed,16015300,Grand Marais,Cook
Unnamed,16020600,Maple Hill,Cook
Unnamed,16023100,Maple Hill,Cook
Unnamed,16029700,Grand Marais,Cook
Unnamed,16038800,Maple Hill,Cook
Unnamed,16039900,Maple Hill,Cook
Unnamed,16060700,Prairie Portage,Cook
Unnamed,16078800,Prairie Portage,Cook
Unnamed,16079600,Prairie Portage,Cook
Unnamed,16081400,Covill,Cook
Unnamed,16081600,Hovland,Cook
Unnamed,16083700,Lutsen,Cook
Unnamed,16084000,Prairie Portage,Cook
Unnamed,16089900,Maple Hill,Cook
Unnamed,16090300,Hovland,Cook
Unnamed,16091100,Grand Marais,Cook
Unnamed,16091200,,Cook
Upper Cone,16041200,Lutsen,Cook
Vale,16006100,Grand Marais,Cook
Vaseux,16008300,Hovland,Cook
Vern,16040900,Lutsen,Cook
Vernon,16026700,Grand Marais,Cook
Vesper,16041400,Lutsen,Cook
Virgin,16071900,Prairie Portage,Cook
Vista,16022400,Grand Marais,Cook
Vyre,16066700,Sawbill Landing,Cook
Waffle,16064000,Schroeder,Cook
Wampus,16019600,Grand Marais,Cook
Wanihigan,16034900,Maple Hill,Cook
Ward,16024800,Lutsen,Cook
Watap,16013800,Maple Hill,Cook
Weasel,16089700,Grand Marais,Cook
Wee,16048300,Tofte,Cook
Weird,16052000,Lutsen,Cook
Wench,16039800,Lutsen,Cook
West Fern,16071800,Tofte,Cook
West Kerfoot,16058700,Prairie Portage,Cook
West Otto,16031500,Maple Hill,Cook
West Pike,16008600,Grand Marais,Cook
West Pipe,16038700,Lutsen,Cook
West Pope,16034100,Grand Marais,Cook
West Twin,16018600,Grand Marais,Cook
Whack,16041000,Lutsen,Cook
Whale,16029100,Maple Hill,Cook
Whip,16040300,Lutsen,Cook
Whipped,16073900,Forest Center,Cook
Whisker,16033800,Maple Hill,Cook
White Pine,16036900,Lutsen,Cook
Williams,16036100,Lutsen,Cook
Wills,16037400,Lutsen,Cook
Winchell,16035400,Grand Marais,Cook
Wine,16068600,Tofte,Cook
Wonder,16066400,Lutsen,Cook
Woodpecker,16005300,Maple Hill,Cook
Wringer,16064200,Tofte,Cook
Zenith,16068900,Forest Center,Cook
Zephyr,16081300,Prairie Portage,Cook
Zoo,16025900,Maple Hill,Cook
Ace,69001300,Rollins,St. Louis
Aerie,69070100,Alborn,St. Louis
Agassa,69017600,Ely,St. Louis
Agnes,69022300,Crane Lake,St. Louis
Agnes,69083000,Ray,St. Louis
Albany Pit,69130900,Lavinia (St. Louis),St. Louis
Alden,69013100,Duluth,St. Louis
Alruss,69000500,Ely,St. Louis
American,69014200,Brimson,St. Louis
Amundsen,69081700,Kettle Falls,St. Louis
Anchor,69064100,Peary,St. Louis
Andy,69061800,Grand Lake,St. Louis
Angleworm,69009600,Winton,St. Louis
Anne,69054100,Whiteface,St. Louis
Antoinette,69022500,Arnold,St. Louis
Apple,69039200,Fredenberg,St. Louis
Argo,69005300,Babbitt,St. Louis
Armstrong,69027800,Ely,St. Louis
Arthur,69015400,Babbitt,St. Louis
Artichoke,69062300,Alborn,St. Louis
Ash,69086400,International Falls,St. Louis
Astrid,69058900,Buyck,St. Louis
Auto,69073100,Virginia,St. Louis
Balkan,69086000,Side Lake,St. Louis
Ban,69074200,Orr,St. Louis
Barrs,69013200,Duluth,St. Louis
Bass,69006300,Ely,St. Louis
Bass,69044600,Soudan,St. Louis
Bass,69054300,Whiteface,St. Louis
Bass,69055300,Biwabik,St. Louis
Bass,69140000,Tower,St. Louis
Bassett,69004100,Fairbanks,St. Louis
Bathtub,69092700,Side Lake,St. Louis
Battle,69030000,Ely,St. Louis
Bear,69011200,Rollins,St. Louis
Bear,69053900,Whiteface,St. Louis
Bear Head,69025400,Tower,St. Louis
Bear Island,69011500,Babbitt,St. Louis
Bear Trap,69008900,Winton,St. Louis
Beartrack,69048000,Crane Lake,St. Louis
Beast,69083700,International Falls,St. Louis
Beaver,69021600,McComber,St. Louis
Beaver,69050100,Saginaw,St. Louis
Beaver,69050700,Harnell Park,St. Louis
Beaver,69079100,Idington,St. Louis
Bell,69080500,Cusson,St. Louis
Berg,69053800,Melrude,St. Louis
Bergen,69051500,Fredenberg,St. Louis
Bibon,69020700,Winton,St. Louis
Big,69005000,Hoyt Lakes,St. Louis
Big,69019000,Ely,St. Louis
Big Bear,69011300,Rollins,St. Louis
Big Moose,69031600,Ely,St. Louis
Big Rice,69017800,Burntside Lake,St. Louis
Big Rice,69066900,Britt,St. Louis
Big Rosendahl,69073900,Angora,St. Louis
Big Ruby,69033300,Crane Lake,St. Louis
Birch,69000300,Babbitt,St. Louis
Bird,69098700,Allen,St. Louis
Black,69056900,Belgrade (St. Louis),St. Louis
Black,69074000,Wakemup,St. Louis
Black Duck,69084200,Ash Lake,St. Louis
Blackwood,69085000,Gowan,St. Louis
Blueberry,69005400,Rothman,St. Louis
Blueberry,69021500,Babbitt,St. Louis
Bluebill,69071300,Zim,St. Louis
Bog,69081100,Cusson,St. Louis
Boot,69010000,Winton,St. Louis
Boot,69086800,International Falls,St. Louis
Bootleg,69045200,Burntside Lake,St. Louis
Bottle,69106400,Winton,St. Louis
Boulder,69030200,Burntside Lake,St. Louis
Boulder,69037300,Duluth,St. Louis
Breda,69003700,Hornby,St. Louis
Briar,69012800,Palmers,St. Louis
Brown,69003100,Rollins,St. Louis
Brown,69083900,International Falls,St. Louis
Buck,69038100,Burntside Lake,St. Louis
Buhl Detention,69146900,,St. Louis
Burns Pit,69137800,Genoa (St. Louis),St. Louis
Burntside,69011800,Ely,St. Louis
Butterball,69004400,Reno (St. Louis),St. Louis
Buzz,69001000,Rollins,St. Louis
Cadotte,69011400,Fairbanks,St. Louis
Cameron,69023700,Duluth,St. Louis
Cameron,69054500,Cotton,St. Louis
Camp,69026500,Tower,St. Louis
Camp A,69078800,Buhl,St. Louis
Canton Pit,69129400,Belgrade (St. Louis),St. Louis
Carey,69085600,Hibbing,St. Louis
Caribou,69048900,Duluth,St. Louis
Carmi-Carson Pit,69131300,Leetonia,St. Louis
Cedar,69043100,Aurora,St. Louis
Cedar,69055900,Makinen,St. Louis
Cedar Island,69056800,Biwabik,St. Louis
Cedar Island (N.Portion),69056801,,St. Louis
Cedar Island (S.Portion),69056802,,St. Louis
Cell 2E,69144100,,St. Louis
Central,69063700,Central Lakes,St. Louis
Chad,69045000,Burntside Lake,St. Louis
Chant,69017200,Ely,St. Louis
Chase,69036100,Crane Lake,St. Louis
Chub,69081500,Ash Lake,St. Louis
Clark,69030700,Ely,St. Louis
Clear,69027700,Ely,St. Louis
Clear,69074700,Buyck,St. Louis
Clear,69079900,Buhl,St. Louis
Clear (Threemile),69078400,Grant (St. Louis),St. Louis
Clearwater,69039700,Duluth,St. Louis
Clearwater,69091800,Side Lake,St. Louis
Coe,69056200,Makinen,St. Louis
Colby,69024900,Hoyt Lakes,St. Louis
Cold,69015500,Rothman,St. Louis
Comstock,69041200,Whiteface,St. Louis
Coo,69017300,Burntside Lake,St. Louis
Cooks,69039300,Taft,St. Louis
Coon,69088500,Bengal,St. Louis
Coon's Gravel Pit,69050110,Simar,St. Louis
Coxey Pond,69018600,Burntside Lake,St. Louis
Crab,69022000,Ely,St. Louis
Cranberry,69014700,Skibo,St. Louis
Crane,69061600,Crane Lake,St. Louis
Crellin,69045900,Buyck,St. Louis
Crooked,69070300,Brookston,St. Louis
Cruiser,69083200,Ray,St. Louis
Crystal,69064500,Melrude,St. Louis
Cub,69131800,Ely,St. Louis
Cummings,69022100,Burntside Lake,St. Louis
Cummings,69032500,Burntside Lake,St. Louis
Dark,69020200,Winton,St. Louis
Dark,69079000,Buhl,St. Louis
Day,69090600,Lavinia (St. Louis),St. Louis
Deep,69066600,Gilbert,St. Louis
Deep Pond,69130800,,St. Louis
Deepwater,69039900,Fredenberg,St. Louis
Deepwater,69085800,Chisholm,St. Louis
Dent,69024700,Markham,St. Louis
Dewey,69091200,Side Lake,St. Louis
Dinham,69054400,Melrude,St. Louis
Dodo,69052300,Shaw,St. Louis
Doherty,69076300,Sherwood,St. Louis
Dollar,69053400,Melrude,St. Louis
Dollar,69091600,Chisholm,St. Louis
Donna,69094100,Wales,St. Louis
Douglas Pit,69142903,,St. Louis
Dovre,69060400,Crane Lake,St. Louis
Dry,69006400,Ely,St. Louis
Duck,69019100,Burntside Lake,St. Louis
Dugout,69045100,Soudan,St. Louis
Duluth/Superior Harbor,69129101,,St. Louis
Duncan Pit,69130500,,St. Louis
Eagle,69023800,Arnold,St. Louis
Eagles Nest,69028500,,St. Louis
Eagles Nest #1,69028501,Ely,St. Louis
Eagles Nest #2,69028502,Ely,St. Louis
Eagles Nest #3,69028503,Soudan,St. Louis
Eagles Nest No. Four,69021800,Ely,St. Louis
East Robinson,69016200,Robinson,St. Louis
East Stone,69063800,Zim,St. Louis
East Twin,69016301,,St. Louis
East Twin,69017400,Ely,St. Louis
East Twin,69069500,Brookston,St. Louis
East Vermilion,69037801,,St. Louis
Echo,69061500,Buyck,St. Louis
Ed Shave,69019900,Ely,St. Louis
Eier,69070200,Maney,St. Louis
Ek,69084300,Ray,St. Louis
Elbow,69071700,Iron Junction,St. Louis
Elbow,69074400,Gheen,St. Louis
Elephant,69081000,Ash Lake,St. Louis
Elk,69092400,Lavinia (St. Louis),St. Louis
Elliot,69064200,Eveleth,St. Louis
Ely,69066000,Eveleth,St. Louis
Embarrass,69049600,Biwabik,St. Louis
Emerald,69033500,Crane Lake,St. Louis
Erickson,69007200,Winton,St. Louis
Erickson,69016400,Ely,St. Louis
Esquagama,69056500,Biwabik,St. Louis
Eugene,69047300,Crane Lake,St. Louis
Everett,69012000,Ely,St. Louis
Fairy,69009400,Winton,St. Louis
Fat,69048100,Crane Lake,St. Louis
Fawn,69067000,Britt,St. Louis
Fayal 3,69134000,Snowden,St. Louis
Fenske,69008500,Ely,St. Louis
Ferello,69034600,Crane Lake,St. Louis
Fig,69064400,Melrude,St. Louis
Finberg,69089300,,St. Louis
Finberg,69089302,Hull,St. Louis
Finger,69034800,Crane Lake,St. Louis
First,69011900,Ely,St. Louis
Fish Lake Flowage,69049100,Duluth,St. Louis
Fish Lk Flowage (East Bay),69049102,,St. Louis
Fish Lk Flowage (Main Bay),69049101,,St. Louis
Fishmouth,69083400,Kettle Falls,St. Louis
Five Mile,69028800,Murray,St. Louis
Fiver,69044000,Wahlsten,St. Louis
Floodwood,69088400,Goodland,St. Louis
Flowage,69039400,Duluth,St. Louis
Forge,69057200,McKinley,St. Louis
Forsyth Pit,69130300,Kinney,St. Louis
Foss,69031400,Burntside Lake,St. Louis
Four Mile,69028100,Murray,St. Louis
Fourteen,69079300,Buhl,St. Louis
Fourth,69057300,McKinley,St. Louis
Fox,69020400,Winton,St. Louis
Franklin,69075400,Crane Lake,St. Louis
Fraser Pit,69130000,Saint Clair Junction,St. Louis
Frying Pan,69042200,Palo,St. Louis
Gabrielson,69086100,Orr,St. Louis
Gafvert,69028000,Eagles Nest,St. Louis
Gannon,69081900,Ash Lake,St. Louis
Gansey,69091300,Side Lake,St. Louis
Gate,69079500,Idington,St. Louis
Ge-Be-On-Equat,69035000,Crane Lake,St. Louis
George,69004000,Rollins,St. Louis
Gilbert Pit,69130600,Gilbert,St. Louis
Glenmore,69029200,Burntside Lake,St. Louis
Glimmer,69030600,Ely,St. Louis
Godfrey-Glen Pit,69133100,Chisholm,St. Louis
Golf Course Pond,69134500,Duluth,St. Louis
Gowan,69045400,Buyck,St. Louis
Grand,69051100,Twig,St. Louis
Grass,69077600,Wilpen,St. Louis
Grassy,69008200,Ely,St. Louis
Green,69035800,Crane Lake,St. Louis
Gull,69009200,Winton,St. Louis
Gun,69009300,Winton,St. Louis
Gun,69048700,Crane Lake,St. Louis
Gustafson,69059300,Buyck,St. Louis
Half Moon,69065700,Peary,St. Louis
Hanson,69018900,Ely,St. Louis
Harriet,69089600,Silica,St. Louis
Harris,69014600,Fairbanks,St. Louis
Hart,69000600,Stewart (Lake),St. Louis
Hart,69041300,Melrude,St. Louis
Hartley Pit,69130100,,St. Louis
Hassel,69029900,Burntside Lake,St. Louis
Hautala,69042500,Palo,St. Louis
Hay,69015000,Babbitt,St. Louis
Hay,69041700,Markham,St. Louis
Hay,69043500,Salo Corner,St. Louis
Hay,69043900,Wahlsten,St. Louis
Hay,69044100,Wahlsten,St. Louis
Hay,69057900,Belgrade (St. Louis),St. Louis
Headquarters,69076600,Gowan,St. Louis
Hegman,69007500,,St. Louis
Heikkila,69064800,Zim,St. Louis
Heikkila,69084600,Cromwell,St. Louis
Heikkilla,69025300,Embarrass,St. Louis
Heritage,69046900,Crane Lake,St. Louis
High,69007100,Ely,St. Louis
Hobo,69006200,Ely,St. Louis
Hobson,69092300,Lavinia (St. Louis),St. Louis
Holter,69026200,Eagles Nest,St. Louis
Holy,69008700,Winton,St. Louis
Home,69009500,Winton,St. Louis
Hoodoo,69080200,Haley,St. Louis
Hook,69018200,Burntside Lake,St. Louis
Hopkins,69010100,Winton,St. Louis
Horseshoe,69023200,Duluth,St. Louis
Horseshoe,69050300,Simar,St. Louis
Horseshoe,69065400,Eveleth,St. Louis
Hunter,69039600,Taft,St. Louis
Hustler,69034300,Crane Lake,St. Louis
Indian,69002300,Two Harbors,St. Louis
Iron,69012100,Winton,St. Louis
Iron,69015200,Babbitt,St. Louis
Iron Chief Complex,69142800,Buhl,St. Louis
Isaac,69015800,Rothman,St. Louis
Island,69088900,Goodland,St. Louis
Island,69091100,Side Lake,St. Louis
Island Lake Reservoir,69037200,Duluth,St. Louis
Island Lake Rsvr(E.Basin),69037202,,St. Louis
Island Lake Rsvr(W.Basin),69037201,,St. Louis
Jacob,69007700,Ely,St. Louis
Jacobs,69023100,Duluth,St. Louis
Jamer,69073700,Brittmount,St. Louis
James,69073400,Virginia,St. Louis
Janette,69088700,Goodland,St. Louis
Jean,69132000,Side Lake,St. Louis
Jeanette,69045600,Buyck,St. Louis
Johnson,69011700,Ely,St. Louis
Johnson,69069100,Crane Lake,St. Louis
Jonathan,69031700,Burntside Lake,St. Louis
Jorgens,69086700,Kabetogama,St. Louis
Joseph,69015700,Babbitt,St. Louis
Judson Mine Pit,69129500,Buhl,St. Louis
Jutila,69080100,Brittmount,St. Louis
Kabetogama,69084500,Ray,St. Louis
Kabustasa,69067900,Orr,St. Louis
Kangas,69005700,Babbitt,St. Louis
Kaunonen,69025200,Embarrass,St. Louis
Kauppi,69063100,Cotton,St. Louis
Kelly,69090100,Kelly Lake,St. Louis
Kelsey,69021200,Buyck,St. Louis
Kendall,69072700,Wolf,St. Louis
Kerr Pit,69131100,Mahoning,St. Louis
King,69000800,Rollins,St. Louis
Kingberg,69077100,Paupores,St. Louis
Kinney,69078100,Kinney,St. Louis
Kjostad,69074800,Buyck,St. Louis
Kleffman,69127300,Lavinia (St. Louis),St. Louis
Korb,69031500,Burntside Lake,St. Louis
La Pond,69017700,Burntside Lake,St. Louis
Lac la Croix,69022400,Ely,St. Louis
Lamb,69034100,Crane Lake,St. Louis
Leaf,69061000,Gilbert,St. Louis
Leander,69079600,Idington,St. Louis
Leeman,69087500,Gowan,St. Louis
Leora,69052100,Cotton,St. Louis
Levindusky,69062600,Coleraine Junction,St. Louis
Lieung,69012300,Rollins,St. Louis
Linwood,69024800,Markham,St. Louis
Little,69005600,Ely,St. Louis
Little,69132500,Hoyt Lakes,St. Louis
Little Alden,69013000,Duluth,St. Louis
Little Armstrong,69027900,Ely,St. Louis
Little Beartrack,69038600,Crane Lake,St. Louis
Little Beartrack,69047900,Crane Lake,St. Louis
Little Birch,69027100,Wahlsten,St. Louis
Little Coyote,69002100,Rollins,St. Louis
Little Crab,69029600,Burntside Lake,St. Louis
Little Dry,69104000,Ely,St. Louis
Little Elbow,69132900,Iron Junction,St. Louis
Little Finberg,69089301,Hull,St. Louis
Little Grand,69050600,Saginaw,St. Louis
Little Grand,69051300,Saginaw,St. Louis
Little Hustler,69033200,Crane Lake,St. Louis
Little Jammer,69131900,,St. Louis
Little Johnson,69076000,Crane Lake,St. Louis
Little Lillian,69132400,Allen,St. Louis
Little Long,69006600,Ely,St. Louis
Little Long,69052800,Whiteface,St. Louis
Little Loon,69048400,Crane Lake,St. Louis
Little Markham,69041600,Markham,St. Louis
Little McQuade,69077400,Scott,St. Louis
Little Mesaba,69043600,Aurora,St. Louis
Little Mud Hen,69054800,Makinen,St. Louis
Little Paleface,69053700,Melrude,St. Louis
Little Rice,69018000,Burntside,St. Louis
Little Rice,69061200,Peyla,St. Louis
Little Sand,69073200,Virginia,St. Louis
Little Sandy,69072900,Brittmount,St. Louis
Little Shell,69038400,Crane Lake,St. Louis
Little Sletten,69008600,Ely,St. Louis
Little Stone,69002800,Two Harbors,St. Louis
Little Sturgeon,69129000,Chisholm,St. Louis
Little Trout,69045500,Soudan,St. Louis
Little Trout,69068200,Crane Lake,St. Louis
Little Vermilion,69060800,Crane Lake,St. Louis
Locator,69093600,International Falls,St. Louis
Loiten,69087200,International Falls,St. Louis
Long,69049300,Cotton,St. Louis
Long,69049500,Makinen,St. Louis
Long,69050900,Twig,St. Louis
Long,69065300,Eveleth,St. Louis
Long,69076500,Crane Lake,St. Louis
Long,69085900,Chisholm,St. Louis
Long (Main Basin),69085901,,St. Louis
Long (North Basin),69085902,,St. Louis
Longyear,69085700,Chisholm,St. Louis
Longyear (North),69085701,,St. Louis
Longyear (South),69085702,,St. Louis
Loon,69042600,Aurora,St. Louis
Loon,69047000,Crane Lake,St. Louis
Lost,69051600,Taft,St. Louis
Lost,69055600,Biwabik,St. Louis
Lost,69058100,Peyla,St. Louis
Lost,69061100,Sparta,St. Louis
Lost,69069800,Big Lake Chapel,St. Louis
Lost Man,69078900,Kinney,St. Louis
Louise,69132300,Side Lake,St. Louis
Loven,69091900,Lavinia (St. Louis),St. Louis
Low,69007000,Ely,St. Louis
Lower Comstock,69041202,Markham,St. Louis
Lower Pauness,69046400,Crane Lake,St. Louis
Lucille,69069200,Crane Lake,St. Louis
Luna,69093100,Side Lake,St. Louis
Lunetta,69029500,Burntside Lake,St. Louis
Lynx,69038300,Crane Lake,St. Louis
Mahoning Hull-RustComplex,69142700,,St. Louis
Majestic,69072100,Wolf,St. Louis
Mallard,69071200,Zim,St. Louis
Manganika,69072600,Largo,St. Louis
Maple Leaf,69070000,Alborn,St. Louis
Marion,69075500,Crane Lake,St. Louis
Markham,69041400,Markham,St. Louis
Martin,69076800,Paupores,St. Louis
Mashkenode,69072500,Virginia,St. Louis
Maude,69059000,Buyck,St. Louis
Maxine,69017000,Ely,St. Louis
McCormack,69091400,Chisholm,St. Louis
McKinley,69057000,McKinley,St. Louis
McQuade,69077500,Hibbing,St. Louis
Meander,69032900,Buyck,St. Louis
Meat,69030500,Ely,St. Louis
Merrill,69089100,Silica,St. Louis
Merritt,69058300,Tower,St. Louis
Mesaba Park,69077800,Wilpen,St. Louis
Mesabi Mt. Pit,69129200,Virginia,St. Louis
Middle Sturgeon,69093902,Side Lake,St. Louis
Miller Pit West,69130700,Aurora,St. Louis
Miner's Pit,69129300,Ely,St. Louis
Minister,69006500,Ely,St. Louis
Minorca Pit,69144800,Franklin (subdivision),St. Louis
Mirror,69023400,Duluth,St. Louis
Mitchell,69011600,Burntside,St. Louis
Moberg,69084700,Flood Wood,St. Louis
Mogie,69039100,Saint Paul Church,St. Louis
Monroe Pit,69142904,Dunwoody Junction,St. Louis
Moon,69065900,Peary,St. Louis
Moose,69002200,Two Harbors,St. Louis
Moose,69044200,Wahlsten,St. Louis
Moose,69075000,Crane Lake,St. Louis
Moose,69079800,Idington,St. Louis
Moose,69080600,Orr,St. Louis
Moran,69093800,Stevenson,St. Louis
Moran (North Basin),69093801,,St. Louis
Moran (South Basin),69093802,,St. Louis
Morcom,69053600,Melrude,St. Louis
Morgan,69040400,Duluth,St. Louis
Morris Pit,69142705,,St. Louis
Morton Pit,69131000,Leetonia,St. Louis
Moska,69131700,Side Lake,St. Louis
Mott Pit,69130200,Mountain Iron,St. Louis
Mouse,69024300,Fredenberg,St. Louis
Muckwa,69015900,Ely,St. Louis
Mud,69015100,Babbitt,St. Louis
Mud,69027500,Ely,St. Louis
Mud,69051200,Twig Station,St. Louis
Mud,69056700,Belgrade (St. Louis),St. Louis
Mud,69065200,Spruce,St. Louis
Mud,69080000,Idington,St. Louis
Mud Hen,69049400,Makinen,St. Louis
Mudhole,69009100,Winton,St. Louis
Mudro,69007800,Winton,St. Louis
Mukooda,69068400,Crane Lake,St. Louis
Mulden,69073800,Brittmount,St. Louis
Mule,69019300,Burntside Lake,St. Louis
Murphy,69064600,Central Lakes,St. Louis
Myrtle,69074900,Orr,St. Louis
Namakan,69069300,Ray,St. Louis
Near Side,69092800,Side Lake,St. Louis
Needle Boy,69028200,Eagles Nest,St. Louis
Neesh,69032100,Burntside Lake,St. Louis
Neewin,69032300,Burntside Lake,St. Louis
Nels,69008000,Ely,St. Louis
Net,69075700,Kettle Falls,St. Louis
Nibin,69020800,Winton,St. Louis
Nichols,69062700,Payne,St. Louis
Nigh,69045700,Buyck,St. Louis
Nina Moose,69034000,Burntside Lake,St. Louis
Niswi,69032200,Burntside Lake,St. Louis
Norberg,69131200,Ely,St. Louis
North,69048800,Crane Lake,St. Louis
North Hegman,69007501,Ely,St. Louis
North Stone,69002701,,St. Louis
North Twin,69040000,Shaw,St. Louis
North Twin,69041900,Aurora,St. Louis
North Twin City Pit,69129900,,St. Louis
O'Leary,69068500,Crane Lake,St. Louis
Ole,69017500,Ely,St. Louis
Olive,69067600,Buyck,St. Louis
One Pine,69006100,Ely,St. Louis
Oriniack,69058700,Tower,St. Louis
Oslo,69083800,Kettle Falls,St. Louis
Otter,69032600,Burntside Lake,St. Louis
Otto,69014400,Hornby,St. Louis
Oyster,69033000,Ely,St. Louis
Paradise,69000700,Two Harbors,St. Louis
Pat Zakovec Impoundment,69146300,,St. Louis
Pauline,69058800,Buyck,St. Louis
Pearl,69093500,Arbutus,St. Louis
Pearsall,69134200,Snowden,St. Louis
Peary,69083300,Kabetogama,St. Louis
Pekan,69035700,Crane Lake,St. Louis
Pelican,69084100,Orr,St. Louis
Pequaywan,69001100,Rollins,St. Louis
Perch,69005800,Babbitt,St. Louis
Perch,69093200,Chisholm,St. Louis
Pfeiffer,69067100,Tower,St. Louis
Phantom,69030300,Ely,St. Louis
Pickerel,69028600,Eagles Nest,St. Louis
Pickerel,69093400,Chisholm,St. Louis
Picket,69007900,Ely,St. Louis
Picket,69059100,Buyck,St. Louis
Pike,69049000,Hermantown,St. Louis
Pike Bay,69037803,,St. Louis
Pike River Flowage,69058000,Tower,St. Louis
Pine,69000100,Fairbanks,St. Louis
Pine,69044800,Soudan,St. Louis
Pioneer,69053200,Cotton,St. Louis
Pit 1,69143100,Hinsdale,St. Louis
Pit 2E,69143800,Old Mesaba,St. Louis
Pit 2W,69143700,Old Mesaba,St. Louis
Pit 2WX,69143500,Mesaba,St. Louis
Pit 2WX-E,69143600,Mesaba,St. Louis
Pit 3,69144600,Old Mesaba,St. Louis
Pit 5N East,69143901,Ridge,St. Louis
Pit 5N West,69143902,Ridge,St. Louis
Pit 5S,69144500,Ridge,St. Louis
Pit 6,69143300,Aurora,St. Louis
Pit 9S,69143400,Aurora,St. Louis
Pleasant,69065500,Eveleth,St. Louis
Pocket,69034500,Crane Lake,St. Louis
Prairie,69084800,Flood Wood,St. Louis
Profit,69036000,Crane Lake,St. Louis
Purvis,69016600,Ely,St. Louis
Putnam,69026400,Murray,St. Louis
Quill,69087100,International Falls,St. Louis
Rainy,69069400,International Falls,St. Louis
Ramshead,69033900,Crane Lake,St. Louis
Range Line,69038800,Crane Lake,St. Louis
Rat,69092200,Lavinia (St. Louis),St. Louis
Regenbogen,69008100,Ely,St. Louis
Rice,69018500,Burntside Lake,St. Louis
Rice,69057800,Belgrade (St. Louis),St. Louis
Rice,69080300,Glendale (St. Louis),St. Louis
Rock,69090700,Lavinia (St. Louis),St. Louis
Rock,69091700,Lavinia (St. Louis),St. Louis
Rocky,69034200,Crane Lake,St. Louis
Rose,69052500,Shaw,St. Louis
Round,69004800,Toimi,St. Louis
Round,69064900,Zim,St. Louis
Ruby,69038500,Crane Lake,St. Louis
Rush,69020300,Winton,St. Louis
Rush,69037400,Shaw,St. Louis
Sabin,69043401,Aurora,St. Louis
Sabin (Embarrass Mine),69042900,Aurora,St. Louis
Saca,69029800,Burntside Lake,St. Louis
Salo,69003600,Two Harbors,St. Louis
Salt,69057400,McKinley,St. Louis
Sand,69001600,Rollins,St. Louis
Sand,69073600,Virginia,St. Louis
Sand,69089500,Hibbing,St. Louis
Sand Point,69061700,Crane Lake,St. Louis
Sandy,69073000,Brittmount,St. Louis
Santa Claus,69013900,Rollins,St. Louis
Schaeffer,69001800,Rollins,St. Louis
Schelins,69062400,Independence (St. Louis),St. Louis
Schisler,69053300,Shaw,St. Louis
Schlamm,69029400,Burntside Lake,St. Louis
Schubert,69054600,Cotton,St. Louis
Schultz,69023000,Fredenberg,St. Louis
Scott,69077300,Scott,St. Louis
Scranton Pit,69131400,,St. Louis
Scranton Pit,69142701,,St. Louis
Section Fourteen,69055000,Makinen,St. Louis
Seven Beaver,69000200,Toimi,St. Louis
Shagawa,69006900,Ely,St. Louis
Shannon,69092500,Side Lake,St. Louis
Shell,69046100,Crane Lake,St. Louis
Sherman Pit,69129700,Saint Clair Junction,St. Louis
Shipman Bass,69016800,Burntside,St. Louis
Shoe Pack,69091000,Side Lake,St. Louis
Shoepack,69087000,International Falls,St. Louis
Side,69069900,Big Lake Chapel,St. Louis
Side,69093300,Chisholm,St. Louis
Side (Bowman),69051900,Taft,St. Louis
Silica,69018700,Burntside Lake,St. Louis
Silver,69055500,McKinley,St. Louis
Silver,69056300,Palo,St. Louis
Silver,69066200,Virginia,St. Louis
Silver,69080900,Cusson,St. Louis
Simian,69061900,Cloquet,St. Louis
Sinneeg,69009000,Winton,St. Louis
Sinneeg,69010200,Winton,St. Louis
Six Mile,69028300,Eagles Nest,St. Louis
Six Mile,69084000,Wilpen,St. Louis
Skeleton,69025600,Murray,St. Louis
Sletten,69008400,Ely,St. Louis
Slew,69140500,Fredenberg,St. Louis
Slim,69018100,Ely,St. Louis
Slim,69047800,Crane Lake,St. Louis
Smith,69011100,Brimson,St. Louis
Snowshoe,69090000,Kelly Lake,St. Louis
Sock,69015600,Rothman,St. Louis
South,69047400,Crane Lake,St. Louis
South Agnew Pit,69143000,Mahoning,St. Louis
South Bog,69080700,Cusson,St. Louis
South Hegman,69007502,Ely,St. Louis
South Stone,69002702,,St. Louis
South Twin,69040300,Shaw,St. Louis
South Twin,69042000,Aurora,St. Louis
South Twin City Pit,69129800,,St. Louis
Spirit Lake,69129103,,St. Louis
Spring,69012900,Two Harbors,St. Louis
Spring,69076100,Crane Lake,St. Louis
Spring,69132100,Brittmount,St. Louis
Spring Hole,69137200,Markham,St. Louis
Sprite,69030400,Burntside Lake,St. Louis
Spruce,69015300,Rothman,St. Louis
St James Pit,69042800,Aurora,St. Louis
St. Louis Bay,69129102,,St. Louis
St. Louis River Estuary,69129100,Duluth,St. Louis
St. Mary's,69065100,Spruce,St. Louis
Steep,69047500,Crane Lake,St. Louis
Sterling,69020600,Winton,St. Louis
Stone,69002700,Rollins,St. Louis
Stone,69004600,Skibo,St. Louis
Stone,69068600,Zim,St. Louis
Straight,69013300,Palmers,St. Louis
Strand,69052900,Cotton,St. Louis
Stuart,69020500,Ely,St. Louis
Stuart,69092000,Lavinia (St. Louis),St. Louis
Stubler Pit,69129600,Buhl,St. Louis
Sturgeon,69093900,,St. Louis
Sturgeon,69093901,Chisholm,St. Louis
Sullivan,69024600,Markham,St. Louis
Sunday,69010400,Winton,St. Louis
Sunset,69062000,Twig,St. Louis
Sunset,69076400,Cook,St. Louis
Sunset,69091500,Chisholm,St. Louis
Sunshine,69023500,Fredenberg,St. Louis
Susan,69074100,Wakemup,St. Louis
Susquehanna Pit,69131500,,St. Louis
Susquehanna Pit,69142704,,St. Louis
Swan,69086300,Orr,St. Louis
Takucmich,69036900,Crane Lake,St. Louis
Tamarack,69031100,Burntside Lake,St. Louis
Tee,69008300,Ely,St. Louis
Thirteen,69079400,Idington,St. Louis
Thirty-Six,69085400,Gowan,St. Louis
Thompson,69024100,Fredenberg,St. Louis
Thumb,69033700,Crane Lake,St. Louis
Thumb,69035200,Crane Lake,St. Louis
Toe,69021300,Buyck,St. Louis
Tommila,69003500,Breda,St. Louis
Tooth,69075600,Kettle Falls,St. Louis
Trease,69007300,Winton,St. Louis
Trout,69049800,Tower,St. Louis
Troy,69134100,Snowden,St. Louis
Trygg,69038900,Crane Lake,St. Louis
Turpela,69042700,Palo,St. Louis
Twin,69016300,Ely,St. Louis
Twin,69050400,Munger,St. Louis
Twin,69050500,Munger,St. Louis
Twin,69096700,Duluth,St. Louis
Ugstad Mine Pit,69148100,Duluth,St. Louis
Unnamed,69012200,Duluth,St. Louis
Unnamed,69022600,Duluth,St. Louis
Unnamed,69023600,Fredenberg,St. Louis
Unnamed,69023900,Arnold,St. Louis
Unnamed,69027300,Ely,St. Louis
Unnamed,69029300,Burntside Lake,St. Louis
Unnamed,69032000,Burntside Lake,St. Louis
Unnamed,69039800,Fredenberg,St. Louis
Unnamed,69042400,Palo,St. Louis
Unnamed,69044300,Wahlsten,St. Louis
Unnamed,69050200,Simar,St. Louis
Unnamed,69054900,Makinen,St. Louis
Unnamed,69055400,McKinley,St. Louis
Unnamed,69057600,Elcor,St. Louis
Unnamed,69059800,Crane Lake,St. Louis
Unnamed,69062500,Independence (St. Louis),St. Louis
Unnamed,69071600,Wolf,St. Louis
Unnamed,69072400,Hopper,St. Louis
Unnamed,69076700,Paupores,St. Louis
Unnamed,69078300,Buhl,St. Louis
Unnamed,69083500,Kabetogama,St. Louis
Unnamed,69083600,Kettle Falls,St. Louis
Unnamed,69086900,Gappas Landing Campground,St. Louis
Unnamed,69088300,Goodland,St. Louis
Unnamed,69089200,Silica,St. Louis
Unnamed,69092900,Side Lake,St. Louis
Unnamed,69095200,Fredenberg,St. Louis
Unnamed,69095300,Fredenberg,St. Louis
Unnamed,69096500,Duluth,St. Louis
Unnamed,69097500,Fond du Lac,St. Louis
Unnamed,69118300,Fredenberg,St. Louis
Unnamed,69128400,Ely,St. Louis
Unnamed,69132600,Peary,St. Louis
Unnamed,69145000,,St. Louis
Unnamed,69145100,,St. Louis
Unnamed,69145200,,St. Louis
Unnamed,69145300,,St. Louis
Unnamed,69145400,,St. Louis
Unnamed,69145500,,St. Louis
Unnamed,69145600,,St. Louis
Unnamed,69145700,,St. Louis
Unnamed,69145800,,St. Louis
Unnamed,69145900,,St. Louis
Unnamed,69146000,,St. Louis
Unnamed,69146100,,St. Louis
Unnamed,69146200,,St. Louis
Unnamed,69147400,,St. Louis
Unnamed,69147500,,St. Louis
Upper Comstock,69041201,Whiteface,St. Louis
Upper Estuary,69129104,,St. Louis
Upper Pauness,69046500,Crane Lake,St. Louis
Upstead,69089000,Hull,St. Louis
Vermilion,69037800,Tower,St. Louis
Vermilion River,69061300,Buyck,St. Louis
Virginia,69066300,Virginia,St. Louis
Wabuse,69040800,Markham,St. Louis
Wagosh,69008800,,St. Louis
Waksapiwi,69046800,Crane Lake,St. Louis
War Club,69093700,International Falls,St. Louis
Warren,69001700,Rollins,St. Louis
Watercress,69079700,Idington,St. Louis
Waymier,69092100,Side Lake,St. Louis
Weir,69083100,Kettle Falls,St. Louis
Welcome,69090200,Keewatin,St. Louis
West Elbow,69074500,Gheen,St. Louis
West Robinson,69021700,Ely,St. Louis
West Sturgeon,69093903,Chisholm,St. Louis
West Twin,69016302,,St. Louis
West Twin,69016700,Burntside,St. Louis
West Twin,69069600,Brookston,St. Louis
West Two Rivers Reservoir,69099400,Mountain Iron,St. Louis
West Vermilion,69037802,,St. Louis
Western,69037900,Burntside Lake,St. Louis
Wet,69128700,Rollins,St. Louis
Wheel,69073500,Britt,St. Louis
Whisper,69005900,Ely,St. Louis
Whitchel,69053100,Shaw,St. Louis
White,69003000,Two Harbors,St. Louis
White,69057100,Elcor,St. Louis
White Feather,69019200,Winton,St. Louis
White Iron,69000400,Ely,St. Louis
Whiteface Reservoir,69037500,Markham,St. Louis
Whitewater,69037600,Hoyt Lakes,St. Louis
Wiggle,69132200,Markham,St. Louis
Wigwam,69014000,Rollins,St. Louis
Wild Rice,69037100,Duluth,St. Louis
Williams,69063200,Cotton,St. Louis
Wilson,69054200,Cotton,St. Louis
Winchester,69069000,Orr,St. Louis
Winkle,69052200,Shaw,St. Louis
Wiyapka,69075900,Kettle Falls,St. Louis
Wolf,69014300,Two Harbors,St. Louis
Wolf,69016100,Ely,St. Louis
Wolf,69058200,Tower,St. Louis
Wynne,69043402,Aurora,St. Louis
Wynne/Sabin,69043400,,St. Louis
Yates,69078000,Kinney,St. Louis
Young,69063500,Melrude,St. Louis
Abinodji,38050700,Prairie Portage,Lake
Adams,38015300,Ely,Lake
Adventure,38051200,Prairie Portage,Lake
Agamok,38001100,Prairie Portage,Lake
Ahmakose,38036500,Prairie Portage,Lake
Ahsub,38051600,Ely,Lake
Alger,38005400,Cramer,Lake
Alice,38033000,Forest Center,Lake
Alseth,38092200,Greenwood Junction,Lake
Alworth,38040100,Prairie Portage,Lake
Amber,38033600,Forest Center,Lake
Amoeber,38022700,Prairie Portage,Lake
Anit,38015700,Forest Center,Lake
Annie,38019500,Prairie Portage,Lake
Arkose,38038200,Prairie Portage,Lake
Arrow - 2,38030400,Forest Center,Lake
Arrow - 3,38031000,Forest Center,Lake
Artlip,38002100,Cramer,Lake
Ashdick,38021000,Prairie Portage,Lake
Ashigan,38050200,Prairie Portage,Lake
August,38069100,Isabella,Lake
Azion,38078700,Winton,Lake
Baird,38069400,Happy Wanderer,Lake
Bald Eagle,38063700,Silver Rapids,Lake
Balsam,38024500,Finland,Lake
Bandana,38056500,Happy Wanderer,Lake
Barter,38019700,Prairie Portage,Lake
Baskatong,38007300,Isabella,Lake
Basswood,38064500,Ely,Lake
Bean,38040900,Silver Bay,Lake
Bear,38040500,Beaver Bay,Lake
Bear,38040800,Silver Bay,Lake
Beaver,38022300,Prairie Portage,Lake
Beaver Hut,38073700,Isabella,Lake
Becoosin,38047200,Ely,Lake
Beetle,38055100,Isabella,Lake
Benezie,38047300,Ely,Lake
Benson,38001800,Finland,Lake
Besho,38004000,Sawbill Landing,Lake
Bill,38008500,Forest Center,Lake
Bine,38043700,Isabella,Lake
Birch,38053200,Ely,Lake
Blesener,38001700,Finland,Lake
Bluebill,38026100,Manitou Junction,Lake
Bog,38044300,Forest Center,Lake
Boga,38031500,Forest Center,Lake
Bogberry,38069900,Happy Wanderer,Lake
Bonanza,38002500,Cramer,Lake
Bone,38006500,Tofte,Lake
Bonga,38076200,Happy Wanderer,Lake
Bonnie,38039000,Prairie Portage,Lake
Boot,38050300,Prairie Portage,Lake
Boulder,38014000,Prairie Portage,Lake
Bow,38032400,Forest Center,Lake
Brewis,38058700,Forest Center,Lake
Bright,38079000,Winton,Lake
Browns,38078000,Ely,Lake
Bruin,38070200,Silver Rapids,Lake
Bugo,38022200,Forest Center,Lake
Bullet,38081500,Winton,Lake
Bullfrog,38016500,Prairie Portage,Lake
Bunny,38029300,Isabella,Lake
Cabin,38026000,Manitou Junction,Lake
Cacabic,38032900,Prairie Portage,Lake
Cache,38047700,Ely,Lake
Calico,38019600,Prairie Portage,Lake
Camdre,38058300,Forest Center,Lake
Camp,38078900,Winton,Lake
Campers,38067900,Happy Wanderer,Lake
Canal,38005702,,Lake
Canoe,38017300,Prairie Portage,Lake
Cap,38013700,Prairie Portage,Lake
Carol,38034000,Forest Center,Lake
Carp,38052100,Prairie Portage,Lake
Cat,38055600,Isabella,Lake
Cattyman,38051000,Prairie Portage,Lake
Cedar,38081000,Ely,Lake
Chaco,38021300,Prairie Portage,Lake
Charity,38005500,Isabella,Lake
Cherry,38016600,Prairie Portage,Lake
Chipmunk,38066900,Happy Wanderer,Lake
Chippewa,38080900,Winton,Lake
Chow,38077000,Happy Wanderer,Lake
Christianson,38075000,Wales,Lake
Clam,38017500,Prairie Portage,Lake
Clark,38064700,McNair,Lake
Clear,38072200,Ely,Lake
Clearwater,38063800,Silver Rapids,Lake
Cloquet,38053900,Finland,Lake
Coffee,38006400,Isabella,Lake
Comfort,38029000,Martin Landing,Lake
Conchu,38072000,Ely,Lake
Cook,38000400,Schroeder,Lake
Cook County,38001000,Prairie Portage,Lake
Cougar,38076700,Isabella,Lake
Cramer,38001400,Cramer,Lake
Cramer Homestead,38024600,Finland,Lake
Crooked,38002400,Finland,Lake
Crooked,38081700,Ely,Lake
Crooked (East Bay),38002401,,Lake
Crooked (West Bay),38002402,,Lake
Cross River,38000200,Schroeder,Lake
Crosscut,38025700,Isabella,Lake
Dam Five,38005300,Isabella,Lake
Dan,38085300,Winton,Lake
Deep,38066800,Isabella,Lake
Delay,38041500,Isabella,Lake
Delta,38052700,Prairie Portage,Lake
Denley,38077300,Babbitt,Lake
Diana,38045900,Isabella,Lake
Dime,38092100,Kelly Landing,Lake
Disappointment,38048800,Ely,Lake
Discovery,38060200,Prairie Portage,Lake
Divide,38025600,Isabella,Lake
Dix,38039100,Prairie Portage,Lake
Doyle,38024900,Finland,Lake
Dragon,38055200,Isabella,Lake
Drake,38092300,Whyte,Lake
Driller,38065200,Greenwood Junction,Lake
Dumbbell,38039300,Isabella,Lake
Dunnigan,38066400,Isabella,Lake
Dutton,38017100,Prairie Portage,Lake
East,38002000,Schroeder,Lake
East Chub,38067400,Isabella,Lake
Echo,38002800,Finland,Lake
Eddy,38018700,Prairie Portage,Lake
Egge,38024400,Maple (Lake),Lake
Eighteen,38043200,Isabella,Lake
Eikala,38067700,Isabella,Lake
Elixir,38021800,Isabella,Lake
Ella Hall,38072700,Silver Rapids,Lake
Ellen,38043600,,Lake
Elton,38012600,Prairie Portage,Lake
Ensign,38049800,Ely,Lake
Eskwagama,38070700,Silver Rapids,Lake
Ester,38020700,Prairie Portage,Lake
Explorer,38039900,Prairie Portage,Lake
Faith,38016000,Prairie Portage,Lake
Fall,38081100,Winton,Lake
Fallen Arch,38046100,Forest Center,Lake
Farm,38077900,Ely,Lake
Fee,38013200,Prairie Portage,Lake
Ferne,38031100,Forest Center,Lake
Finn Pond,38042700,Isabella,Lake
Fire,38048300,Forest Center,Lake
Fish,38016100,Prairie Portage,Lake
Fish Fry,38057100,,Lake
Fishdance,38034300,Forest Center,Lake
Fisher,38032200,Prairie Portage,Lake
Fishfry,38057200,Isabella,Lake
Flash,38063000,Ely,Lake
Flat Horn,38056800,Isabella,Lake
Fools,38076100,Happy Wanderer,Lake
Found,38062000,Ely,Lake
Four,38052800,Forest Center,Lake
Fourth McDougal,38065700,Isabella,Lake
Fourtown,38081300,Winton,Lake
Fran,38077100,Happy Wanderer,Lake
Frank,38042800,Kelly Landing,Lake
Fraser,38037200,Prairie Portage,Lake
Frog,38052000,Ely,Lake
Frond,38009400,Forest Center,Lake
Fry,38041100,Finland,Lake
Fulton,38005600,Isabella,Lake
Gabbro,38070100,Silver Rapids,Lake
Gander,38055400,Isabella,Lake
Garden,38078200,Ely,Lake
Gegoka,38057300,Isabella,Lake
Gerund,38036600,Prairie Portage,Lake
Gibson,38050800,Prairie Portage,Lake
Gift,38016200,Prairie Portage,Lake
Gijikiki,38020900,Prairie Portage,Lake
Glacier Pond,38071200,,Lake
Glacier Pond 1,38071201,Ely,Lake
Glacier Pond 2,38071202,Ely,Lake
Goldeneye,38002900,Schroeder,Lake
Good,38072600,Prairie Portage,Lake
Grass,38063500,Isabella,Lake
Green Wing,38026400,Sawbill Landing,Lake
Greenstone,38071800,Ely,Lake
Greenwood,38065600,Isabella,Lake
Griddle,38062900,Prairie Portage,Lake
Grouse,38055700,Isabella,Lake
Grub,38050400,Prairie Portage,Lake
Gull,38059000,Forest Center,Lake
Gunsten,38066700,Happy Wanderer,Lake
Gypo,38079800,Winton,Lake
Gypsy,38066500,Isabella,Lake
Ham,38033900,Forest Center,Lake
Hanson,38020600,Prairie Portage,Lake
Harbor,38052500,Forest Center,Lake
Hare,38002600,Schroeder,Lake
Harmony,38037700,Prairie Portage,Lake
Harriet,38004800,Isabella,Lake
Harris,38073600,Ely,Lake
Hatchet,38036900,Prairie Portage,Lake
Haven,38050500,Prairie Portage,Lake
Hazel,38006900,Forest Center,Lake
Heart,38069200,Happy Wanderer,Lake
Helen,38044800,Wheeler Landing,Lake
Hide,38055300,Happy Wanderer,Lake
Highland,38075300,Two Harbors,Lake
Highlife,38067300,Isabella,Lake
Hjalmer,38075800,Toimi,Lake
Hoe,38014300,Prairie Portage,Lake
Hogback,38005700,Isabella,Lake
Hogback,38005701,,Lake
Hoist,38025100,Manitou Junction,Lake
Holt,38017800,Prairie Portage,Lake
Homestead,38026900,Isabella,Lake
Hope,38031900,Forest Center,Lake
Horse,38079200,Winton,Lake
Horseshoe,38058000,Forest Center,Lake
Hudson,38048400,Forest Center,Lake
Hula,38072800,Prairie Portage,Lake
Ima,38040000,Ely,Lake
Indiana,38072500,Prairie Portage,Lake
Inga,38054900,Kelly Landing,Lake
Insula,38039700,Ely,Lake
Isabella,38039600,Isabella,Lake
Island River,38028900,Martin Landing,Lake
Jack,38044100,Isabella,Lake
Jackfish,38079400,Prairie Portage,Lake
Jasper,38064100,Prairie Portage,Lake
Jenny,38019400,Prairie Portage,Lake
Jenny (West Bay),38019401,,Lake
Jewell,38071600,Silver Rapids,Lake
Jitterbug,38050900,Prairie Portage,Lake
Johnson,38024200,Finland,Lake
Jordan,38051100,Prairie Portage,Lake
Jouppi,38090900,Isabella,Lake
Jug,38014100,Prairie Portage,Lake
Kane,38065100,McNair,Lake
Kangas,38024100,Kennedy Landing,Lake
Kari,38054100,Whyte,Lake
Katherine,38053800,Finland,Lake
Katydid,38027200,Manitou Junction,Lake
Kawasachong,38007000,Forest Center,Lake
Kawishiwi,38008000,Tofte,Lake
Kek,38022800,Prairie Portage,Lake
Kekekabic,38022600,Prairie Portage,Lake
Kekekabic Pond 1,38018801,Prairie Portage,Lake
Kekekabic Pond 2,38018802,Prairie Portage,Lake
Kekekabic Pond 3,38018803,Prairie Portage,Lake
Kekekabic Ponds,38018800,,Lake
Kempton,38074000,Silver Rapids,Lake
Kennedy,38024300,Kennedy Landing,Lake
Kettle,38039200,Prairie Portage,Lake
Kiana,38033400,Prairie Portage,Lake
Kitigan,38055900,Isabella,Lake
Kivaniva,38010800,Forest Center,Lake
Knife,38040400,Ely,Lake
Koma,38009800,Forest Center,Lake
Kowalski,38001600,Cramer,Lake
Lake of the Clouds,38016900,Prairie Portage,Lake
Langley,38064800,Darby Junction,Lake
Lax,38040600,Finland,Lake
Ledge,38013400,Prairie Portage,Lake
Legler,38064900,Darby Junction,Lake
Lena,38042400,Kelly Landing,Lake
Leskinen,38024000,Finland,Lake
Lillian,38054200,Whyte,Lake
Link,38016300,Prairie Portage,Lake
Little Gabbro,38070300,Silver Rapids,Lake
Little Knife,38022900,Ely,Lake
Little Spring,38083900,Happy Wanderer,Lake
Little Wampus,38068400,Happy Wanderer,Lake
Little Wilson,38005100,Schroeder,Lake
Lost,38000300,Schroeder,Lake
Lunar,38016800,Prairie Portage,Lake
Lunch,38044700,Isabella,Lake
Lupus,38003800,Isabella,Lake
Madden,38070900,Ely,Lake
Maingan,38079600,Winton,Lake
Makwa,38014700,Prairie Portage,Lake
Malberg,38009000,Isabella,Lake
Maniwaki,38030000,Forest Center,Lake
Manomin,38061600,Prairie Portage,Lake
Marathon,38046000,Forest Center,Lake
Marble,38065000,Silver Bay,Lake
Megasoft Pond,38094500,,Lake
Melon,38052200,Prairie Portage,Lake
Meme,38003000,Cramer,Lake
Memegwesi,38044000,Isabella,Lake
Micmac,38023300,Finland,Lake
Midas,38016400,Prairie Portage,Lake
Middle McDougal,38065800,Isabella,Lake
Missionary,38039800,Prairie Portage,Lake
Mist,38020800,Prairie Portage,Lake
Mitawan,38056100,Isabella,Lake
Moccasin,38068000,Isabella,Lake
Moose,38003600,Cramer,Lake
Moose,38064400,Ely,Lake
Moosecamp,38081600,Winton,Lake
Morris,38002700,Schroeder,Lake
Mound,38005900,Cramer,Lake
Mud,38074200,Silver Rapids,Lake
Mueller,38019300,Ely,Lake
Murphy,38075400,Silver Bay,Lake
Muskeg,38078800,Silver Rapids,Lake
Muskrat,38037600,Prairie Portage,Lake
Nabek,38018200,Prairie Portage,Lake
Nawakwa,38020500,Prairie Portage,Lake
Neglige,38049200,Ely,Lake
Newfound,38061900,Ely,Lake
Newton,38078400,Ely,Lake
Nicado,38023000,Finland,Lake
Nickel,38070500,Ely,Lake
Niki,38081400,Winton,Lake
Nine A.M.,38044500,Martin Landing,Lake
Ninemile,38003300,Schroeder,Lake
Nipisiquit,38023200,Illgen City,Lake
North Branch Kawishiwi,38073800,Silver Rapids,Lake
North Lark,38072101,Ely,Lake
North McDougal,38068600,Isabella,Lake
North Wilder,38045200,Isabella,Lake
Norway,38068800,Isabella,Lake
Ogishkemuncie,38018000,Ely,Lake
Ojibway,38064000,Ely,Lake
Omaday,38070600,Silver Rapids,Lake
One,38060500,Ely,Lake
Orchid,38028200,Martin Landing,Lake
Organ,38006700,Schroeder,Lake
Osier,38042000,Isabella,Lake
Ottertrack,38021100,Ely,Lake
Outlaw,38004300,Sawbill Landing,Lake
Ova,38055500,Kelly Landing,Lake
Paccini,38003700,Cramer,Lake
Paco,38019000,Prairie Portage,Lake
Pagami,38063900,Silver Rapids,Lake
Pakwene,38079700,Winton,Lake
Pan,38015100,Forest Center,Lake
Panhandle,38015000,Forest Center,Lake
Papoose,38081800,Winton,Lake
Parent,38052600,Ely,Lake
Pea Soup,38073900,Silver Rapids,Lake
Pearl,38001900,Cramer,Lake
Peavey,38025200,Manitou Junction,Lake
Perent,38022000,Forest Center,Lake
Pickerel,38074100,Ely,Lake
Pickle,38038900,Prairie Portage,Lake
Pietro,38058400,Forest Center,Lake
Pike,38067000,Isabella,Lake
Pitcha,38067600,Happy Wanderer,Lake
Planted,38056400,Isabella,Lake
Polly,38010400,Isabella,Lake
Pompous,38029800,Forest Center,Lake
Pond B,38092700,Prairie Portage,Lake
Portage,38052400,Prairie Portage,Lake
Pose,38045500,Isabella,Lake
Powwow,38030800,Forest Center,Lake
Quadga,38059600,Isabella,Lake
Quartz,38048100,Prairie Portage,Lake
Rabbit,38021400,Prairie Portage,Lake
Railroad,38065500,Whyte,Lake
Range,38081200,Winton,Lake
Rat,38056700,Isabella,Lake
Raven,38011300,Prairie Portage,Lake
Red Dot,38094700,Cramer,Lake
Refuge Pond,38071300,Prairie Portage,Lake
Rifle,38061000,Prairie Portage,Lake
Rivalry,38094800,,Lake
River,38033800,Forest Center,Lake
Rock Island,38061300,Forest Center,Lake
Roe,38013900,Prairie Portage,Lake
Rookie,38071000,Silver Rapids,Lake
Round Island,38041700,Isabella,Lake
Sagus,38022500,Prairie Portage,Lake
Sand,38073500,Isabella,Lake
Sandpit,38078600,Ely,Lake
Sapphire,38044600,Isabella,Lake
Scarp,38005800,Isabella,Lake
Scott,38027100,Manitou Junction,Lake
Section 29,38029200,Isabella,Lake
Section Eight,38025800,Isabella,Lake
Section Twelve,38071400,Ely,Lake
Sedative,38035900,Prairie Portage,Lake
Seed,38052300,Prairie Portage,Lake
Sema,38038600,Prairie Portage,Lake
Shallow,38048900,Prairie Portage,Lake
Shamrock,38068700,Isabella,Lake
Shepo,38037300,Prairie Portage,Lake
Shoepack,38002300,Isabella,Lake
Shoofly,38042200,Isabella,Lake
Short,38007500,Forest Center,Lake
Silver Island,38021900,Isabella,Lake
Sink,38054000,Finland,Lake
Sister,38005000,Sawbill Landing,Lake
Skindance,38019100,Prairie Portage,Lake
Skoota,38038100,Prairie Portage,Lake
Skull,38062400,Ely,Lake
Slate,38066600,Isabella,Lake
Small,38028100,Forest Center,Lake
Smite,38037500,Prairie Portage,Lake
Snowbank,38052900,Ely,Lake
Solitude,38050000,Prairie Portage,Lake
Sonju,38024800,Finland,Lake
Soup,38041300,Baptism Crossing,Lake
South Farm,38077800,Ely,Lake
South Hope,38030100,Forest Center,Lake
South McDougal,38065900,Isabella,Lake
South Wigwam,38000100,Schroeder,Lake
South Wilder,38045300,Isabella,Lake
Spear,38042900,Kelly Landing,Lake
Sphagnum,38057800,Kelly Landing,Lake
Spice,38018900,Prairie Portage,Lake
Spider,38038000,Prairie Portage,Lake
Splash,38053100,Prairie Portage,Lake
Spoon,38038800,Prairie Portage,Lake
Spree,38062300,Prairie Portage,Lake
Spur,38025900,Manitou Junction,Lake
Square,38007400,Isabella,Lake
Steamhaul,38057000,Isabella,Lake
Steer,38092000,Isabella,Lake
Stewart,38074400,Two Harbors,Lake
Stony,38066000,Happy Wanderer,Lake
Strup,38036000,Prairie Portage,Lake
Stub,38078100,Silver Rapids,Lake
Sucker,38053000,Ely,Lake
Sullivan,38075500,Two Harbors,Lake
Sumpet,38028300,Forest Center,Lake
Sundown,38008200,Forest Center,Lake
Surprise,38055000,Isabella,Lake
Swamp,38001200,Prairie Portage,Lake
Swamp,38028500,Isabella,Lake
Swing,38050600,Prairie Portage,Lake
Sylvania,38039500,Isabella,Lake
T,38006600,Schroeder,Lake
Tanner,38025500,Manitou Junction,Lake
Termulo,38046600,Forest Center,Lake
Tetagouche,38023100,Finland,Lake
Thomas,38035100,Prairie Portage,Lake
Thomas,38075100,Two Harbors,Lake
Three,38060000,Forest Center,Lake
Thunderbird,38003100,Schroeder,Lake
Tickle,38000900,Prairie Portage,Lake
Tin Can Mike,38078500,Winton,Lake
Toe,38018400,Prairie Portage,Lake
Tofte,38072400,Ely,Lake
Tommy,38042500,Kelly Landing,Lake
Tony,38069600,Happy Wanderer,Lake
Topaz,38017200,Prairie Portage,Lake
Tornado,38044900,Isabella,Lake
Totem,38021600,Prairie Portage,Lake
Townline,38087100,Forest Center,Lake
Trader,38049000,Prairie Portage,Lake
Trappers,38043100,Isabella,Lake
Treasure,38015400,Prairie Portage,Lake
Triangle,38071500,Ely,Lake
Trident,38049500,Ely,Lake
Trinity,38037100,Prairie Portage,Lake
Turtle,38070400,Silver Rapids,Lake
Twenty Three,38024700,Finland,Lake
Two,38060800,Ely,Lake
Two Deer,38067100,Isabella,Lake
Unnamed,38001500,Cramer,Lake
Unnamed,38015200,Prairie Portage,Lake
Unnamed,38020400,Prairie Portage,Lake
Unnamed,38023400,Maple (Lake),Lake
Unnamed,38023500,Finland,Lake
Unnamed,38025400,Isabella,Lake
Unnamed,38032100,Forest Center,Lake
Unnamed,38032800,Forest Center,Lake
Unnamed,38038300,Prairie Portage,Lake
Unnamed,38056900,Kelly Landing,Lake
Unnamed,38060100,Forest Center,Lake
Unnamed,38061500,Ely,Lake
Unnamed,38063200,Prairie Portage,Lake
Unnamed,38063300,Prairie Portage,Lake
Unnamed,38063400,Ely,Lake
Unnamed,38066200,Isabella,Lake
Unnamed,38069000,Happy Wanderer,Lake
Unnamed,38076900,Babbitt,Lake
Unnamed,38077600,Happy Wanderer,Lake
Unnamed,38083300,Isabella,Lake
Unnamed,38083600,Happy Wanderer,Lake
Unnamed,38084600,Prairie Portage,Lake
Unnamed,38085200,Prairie Portage,Lake
Uranus,38071900,Silver Rapids,Lake
Van,38011700,Prairie Portage,Lake
Vee,38013100,Prairie Portage,Lake
Vera,38049100,Ely,Lake
Vierge,38000700,,Lake
Wabosons,38080600,Prairie Portage,Lake
Wadop,38068100,Happy Wanderer,Lake
Wager,38045800,Forest Center,Lake
Wampus,38068500,Isabella,Lake
Wanless,38004900,Isabella,Lake
Washte,38062600,Prairie Portage,Lake
Watonwan,38007900,Isabella,Lake
Weapon,38043000,Kelly Landing,Lake
Wedge,38071100,Silver Rapids,Lake
West Chub,38067500,Isabella,Lake
Whitefish,38006000,Tofte,Lake
Wilson,38004700,Schroeder,Lake
Wind,38064200,Prairie Portage,Lake
Windy,38006800,Isabella,Lake
Wisini,38036100,Prairie Portage,Lake
Witness,38064300,Ely,Lake
Wood,38072900,Prairie Portage,Lake
Wye,38004200,Isabella,Lake